hilera,planta,id_planta,fruto,fecha,muestreo,d1,d2,diam_medio,long,pf_fr,ps_fr,pf_sem,ps_sem,d_sem,l_sem,p_36h_sem,ps_cas
4,10,4_10,1,26-12-22,1,30.61,30.46,30.535,40.25,20.88,3.771,,,,,,3.771
4,10,4_10,2,26-12-22,1,35.42,36.71,36.065,42.53,30.931,6.077,,,,,,6.077
4,10,4_10,3,26-12-22,1,32.19,30.88,31.535,36.29,21.379,4.237,,,,,,4.237
4,10,4_10,4,26-12-22,1,36.48,38.81,37.645,43.06,34.267,6.665,,,,,,6.665
4,10,4_10,5,26-12-22,1,36.11,34.66,35.385,41.05,29.476,5.503,,,,,,5.503
4,18,4_18,1,26-12-22,1,34.17,35.12,34.645,40.64,29.827,5.551,,,,,,5.551
4,18,4_18,2,26-12-22,1,37.31,40.9,39.105,48.39,40.022,7.664,,,,,,7.664
4,18,4_18,3,26-12-22,1,36,34.9,35.45,42.02,31.99,6.29,,,,,,6.29
4,18,4_18,4,26-12-22,1,32.49,36.04,34.265,42.92,26.309,4.491,,,,,,4.491
4,18,4_18,5,26-12-22,1,33.34,35.53,34.435,42.92,28.767,5.007,,,,,,5.007
5,6,5_6,1,26-12-22,1,36.66,36.57,36.615,43.02,33.742,6.487,,,,,,6.487
5,6,5_6,2,26-12-22,1,35.7,36.5,36.1,45.47,34.079,6.263,,,,,,6.263
5,6,5_6,3,26-12-22,1,32.47,34.99,33.73,38.54,25.117,4.36,,,,,,4.36
5,6,5_6,4,26-12-22,1,32.98,33.2,33.09,42.59,26.57,4.864,,,,,,4.864
5,6,5_6,5,26-12-22,1,34.91,36.67,35.79,39.15,27.734,4.771,,,,,,4.771
5,18,5_18,1,26-12-22,1,35.11,37.96,36.535,40.41,30.549,6.177,,,,,,6.177
5,18,5_18,2,26-12-22,1,34.95,32.32,33.635,40.31,25.749,4.264,,,,,,4.264
5,18,5_18,3,26-12-22,1,36.74,34.95,35.845,41.06,29.722,5.389,,,,,,5.389
5,18,5_18,4,26-12-22,1,34.8,36.37,35.585,40.39,28.981,5.129,,,,,,5.129
5,18,5_18,5,26-12-22,1,37.12,39.16,38.14,41.96,34.014,6.521,,,,,,6.521
6,16,6_16,1,26-12-22,1,37.53,36.2,36.865,41.51,30.545,5.989,,,,,,5.989
6,16,6_16,2,26-12-22,1,32.45,35.1,33.775,40.71,26.075,4.589,,,,,,4.589
6,16,6_16,3,26-12-22,1,34.19,35.11,34.65,44.61,28.808,5.257,,,,,,5.257
6,16,6_16,4,26-12-22,1,38.03,36.04,37.035,41.49,33.603,6.981,,,,,,6.981
6,16,6_16,5,26-12-22,1,36.93,34.29,35.61,41.19,29.415,5.479,,,,,,5.479
6,19,6_19,1,26-12-22,1,36.03,35.8,35.915,42.6,32.187,6.356,,,,,,6.356
6,19,6_19,2,26-12-22,1,31.73,32.4,32.065,43.19,24.985,4.634,,,,,,4.634
6,19,6_19,3,26-12-22,1,36.22,37.9,37.06,39.77,30.611,5.71,,,,,,5.71
6,19,6_19,4,26-12-22,1,35.4,36.15,35.775,41.7,28.542,5.251,,,,,,5.251
6,19,6_19,5,26-12-22,1,34.46,31.98,33.22,37.07,23.889,4.457,,,,,,4.457
7,5,7_5,1,26-12-22,1,33.6,32.13,32.865,40.58,23.349,4.221,,,,,,4.221
7,5,7_5,2,26-12-22,1,34.46,35.65,35.055,42.39,30.147,5.722,,,,,,5.722
7,5,7_5,3,26-12-22,1,37.42,34.98,36.2,43.51,31.262,5.589,,,,,,5.589
7,5,7_5,4,26-12-22,1,34.68,35.18,34.93,39.49,26.703,4.908,,,,,,4.908
7,5,7_5,5,26-12-22,1,36.99,37.08,37.035,41.68,33.565,6.857,,,,,,6.857
7,7,7_7,1,26-12-22,1,35.83,37.16,36.495,44.08,33.313,6.307,,,,,,6.307
7,7,7_7,2,26-12-22,1,35.33,36.27,35.8,42.91,29.937,6.02,,,,,,6.02
7,7,7_7,3,26-12-22,1,37.77,33.81,35.79,42.77,27.958,5.678,,,,,,5.678
7,7,7_7,4,26-12-22,1,35.96,35.7,35.83,44.33,30.136,5.853,,,,,,5.853
7,7,7_7,5,26-12-22,1,39.52,37.8,38.66,41.59,37.097,7.646,,,,,,7.646
8,5,8_5,1,26-12-22,1,37.84,34.41,36.125,44.44,31.883,6.035,,,,,,6.035
8,5,8_5,2,26-12-22,1,37.08,34.31,35.695,43.37,30.294,5.626,,,,,,5.626
8,5,8_5,3,26-12-22,1,34.29,35.24,34.765,44.54,29.217,5.375,,,,,,5.375
8,5,8_5,4,26-12-22,1,34.03,37.598,35.814,45,32.293,5.9,,,,,,5.9
8,5,8_5,5,26-12-22,1,36.51,39.54,38.025,43.38,36.349,7.156,,,,,,7.156
8,12,8_12,1,26-12-22,1,35.47,36.84,36.155,37.78,27.401,5.345,,,,,,5.345
8,12,8_12,2,26-12-22,1,35.55,34.25,34.9,42.45,29.633,5.624,,,,,,5.624
8,12,8_12,3,26-12-22,1,33,33.86,33.43,42.33,27.862,4.96,,,,,,4.96
8,12,8_12,4,26-12-22,1,36.68,37.24,36.96,44.85,35.438,6.624,,,,,,6.624
8,12,8_12,5,26-12-22,1,36.56,38.3,37.43,44.31,33.364,6.581,,,,,,6.581
4,10,4_10,1,25-01-23,2,40.2,36.66,38.43,45.56,39.03,9.683,2.166,0.433,,,,9.25
4,10,4_10,2,25-01-23,2,38.66,37.08,37.87,46.11,35.9,9.065,2.77,0.602,,,,8.463
4,10,4_10,3,25-01-23,2,38.37,36.71,37.54,43.27,37.5,9.529,3.67,0.748,,,,8.781
4,10,4_10,4,25-01-23,2,37.22,39.25,38.235,44.84,38.81,10.666,5.2,1.441,,,,9.225
4,10,4_10,5,25-01-23,2,32.76,29.66,31.21,36.2,20.62,5.837,1.652,0.352,,,,5.485
4,10,4_10,6,25-01-23,2,34.38,32.21,33.295,39.35,25.76,,,,,,,
4,10,4_10,7,25-01-23,2,35.79,33.7,34.745,43.22,30.16,,,,,,,
4,10,4_10,8,25-01-23,2,36.6,35.43,36.015,41.16,31.29,,,,,,,
4,10,4_10,9,25-01-23,2,38.97,36.72,37.845,42.9,35.53,,,,,,,
4,10,4_10,10,25-01-23,2,37.63,35.34,36.485,45.52,31.99,,,,,,,
4,18,4_18,1,25-01-23,2,40.79,38.71,39.75,44.44,41.48,10.833,6.19,1.21,,,,9.623
4,18,4_18,2,25-01-23,2,41.17,39.12,40.145,46.97,44.38,11.682,6.36,1.199,,,,10.483
4,18,4_18,3,25-01-23,2,40.02,38.6,39.31,43.51,40.71,10.692,5.18,1.016,,,,9.676
4,18,4_18,4,25-01-23,2,39.62,36.57,38.095,45.88,38.55,10.172,2.75,0.667,,,,9.505
4,18,4_18,5,25-01-23,2,38.24,36.24,37.24,44.89,36.73,,3.76,,,,,
4,18,4_18,6,25-01-23,2,38.63,36.84,37.735,42.38,36.1,,,,,,,
4,18,4_18,7,25-01-23,2,38.6,36.23,37.415,42.23,34.03,,,,,,,
4,18,4_18,8,25-01-23,2,39.95,38.1,39.025,44.88,40.16,,,,,,,
4,18,4_18,9,25-01-23,2,38.17,35.78,36.975,44.95,36.04,,,,,,,
4,18,4_18,10,25-01-23,2,41.21,39.85,40.53,43.54,41.1,,,,,,,
5,6,5_6,1,25-01-23,2,35.66,34.27,34.965,40.29,28.54,7.63,3.1,0.765,,,,6.865
5,6,5_6,2,25-01-23,2,37.65,37.49,37.57,41.84,34.41,9.204,6.18,1.536,,,,7.668
5,6,5_6,3,25-01-23,2,39.38,36.14,37.76,44.1,36.26,9.136,4.27,0.714,,,,8.422
5,6,5_6,4,25-01-23,2,40.95,39.58,40.265,44.6,41.26,10.53,6.54,1.529,,,,9.001
5,6,5_6,5,25-01-23,2,35.91,34.73,35.32,39.69,30.1,7.753,4.85,0.989,,,,6.764
5,6,5_6,6,25-01-23,2,35.3,34.71,35.005,35.23,30.67,,,,,,,
5,6,5_6,7,25-01-23,2,38.18,36.25,37.215,42.85,34.02,,,,,,,
5,6,5_6,8,25-01-23,2,37.25,35.45,36.35,40.94,31.57,,,,,,,
5,6,5_6,9,25-01-23,2,38.71,37.34,38.025,43.58,36.26,,,,,,,
5,6,5_6,10,25-01-23,2,34.71,32.52,33.615,39.8,24.88,,,,,,,
5,18,5_18,1,25-01-23,2,39.25,39,39.125,45.1,38.98,10.435,5.59,1.288,,,,9.147
5,18,5_18,2,25-01-23,2,41.79,39.42,40.605,47.42,44.69,11.137,5.76,1.21,,,,9.927
5,18,5_18,3,25-01-23,2,40.51,38.05,39.28,42.57,38.64,9.535,5.33,1.031,,,,8.504
5,18,5_18,4,25-01-23,2,38.19,36.78,37.485,42.32,35.32,9.23,5.45,1.614,,,,7.616
5,18,5_18,5,25-01-23,2,38.07,36.79,37.43,42.78,34.18,8.858,4.5,0.884,,,,7.974
5,18,5_18,6,25-01-23,2,37.94,35.19,36.565,42.36,33.94,,,,,,,
5,18,5_18,7,25-01-23,2,34.25,32.34,33.295,37.27,24.09,,,,,,,
5,18,5_18,8,25-01-23,2,40.46,37.67,39.065,45.7,40.74,,,,,,,
5,18,5_18,9,25-01-23,2,39.8,37.04,38.42,43.99,38.38,,,,,,,
5,18,5_18,10,25-01-23,2,34.65,31.95,33.3,35.77,24.3,,,,,,,
6,16,6_16,1,25-01-23,2,38.93,37.01,37.97,39.56,33.05,8.786,4.9,0.9,,,,7.886
6,16,6_16,2,25-01-23,2,37.78,34.88,36.33,42.33,32.35,8.37,3.71,0.649,,,,7.721
6,16,6_16,3,25-01-23,2,36.17,35.6,35.885,42.85,31.59,8.079,4.13,0.781,,,,7.298
6,16,6_16,4,25-01-23,2,39.44,37.63,38.535,44.32,38.86,10.202,4.61,1.233,,,,8.969
6,16,6_16,5,25-01-23,2,39.82,37.33,38.575,40.43,35.18,9.092,5.92,1.317,,,,7.775
6,16,6_16,6,25-01-23,2,38.27,36.3,37.285,42.67,33.52,,,,,,,
6,16,6_16,7,25-01-23,2,38.86,38.3,38.58,41.26,35.1,,,,,,,
6,16,6_16,8,25-01-23,2,38.09,37.41,37.75,44.59,35.85,,,,,,,
6,16,6_16,9,25-01-23,2,37.67,36.65,37.16,45.54,36.43,,,,,,,
6,16,6_16,10,25-01-23,2,37.83,37.54,37.685,42.75,35.33,,,,,,,
6,19,6_19,1,25-01-23,2,36.37,34.75,35.56,40.04,28.26,7.507,3.95,0.979,,,,6.528
6,19,6_19,2,25-01-23,2,38.51,36.83,37.67,43.89,34.52,8.57,4.58,1.245,,,,7.325
6,19,6_19,3,25-01-23,2,36.44,34.67,35.555,40.44,30.09,7.664,3.87,0.716,,,,6.948
6,19,6_19,4,25-01-23,2,33.72,32.29,33.005,39.26,24.91,6.545,3.19,0.743,,,,5.802
6,19,6_19,5,25-01-23,2,34.67,33.06,33.865,37.8,25.13,6.387,3.23,0.76,,,,5.627
6,19,6_19,6,25-01-23,2,34.96,32.3,33.63,41.61,25.6,,,,,,,
6,19,6_19,7,25-01-23,2,33.27,31.44,32.355,38.21,22.53,,,,,,,
6,19,6_19,8,25-01-23,2,37.97,35.26,36.615,41.7,31,,,,,,,
6,19,6_19,9,25-01-23,2,29.77,27.81,28.79,35.52,18.25,,,,,,,
6,19,6_19,10,25-01-23,2,30.48,30.48,30.48,35.14,20.5,,,,,,,
7,5,7_5,1,25-01-23,2,38.41,35.84,37.125,41.84,33.61,8.807,4.51,1.187,,,,7.62
7,5,7_5,2,25-01-23,2,40.07,36.91,38.49,45.25,38.73,9.371,4.53,1.064,,,,8.307
7,5,7_5,3,25-01-23,2,31.54,29.33,30.435,37.94,19.73,4.648,2.03,0.378,,,,4.27
7,5,7_5,4,25-01-23,2,37.89,35.72,36.805,41.17,32.74,7.953,4.16,0.901,,,,7.052
7,5,7_5,5,25-01-23,2,41.48,38.69,40.085,45.53,41.67,10.709,5.93,1.802,,,,8.907
7,5,7_5,6,25-01-23,2,40.53,37.94,39.235,45.34,41.69,,,,,,,
7,5,7_5,7,25-01-23,2,34,30.53,32.265,38.48,24.06,,,,,,,
7,5,7_5,8,25-01-23,2,38.63,36.86,37.745,43.4,35.42,,,,,,,
7,5,7_5,9,25-01-23,2,40.21,36.78,38.495,45.05,38.42,,,,,,,
7,5,7_5,10,25-01-23,2,32.47,30.81,31.64,37.49,22.21,,,,,,,
7,7,7_7,1,25-01-23,2,36.71,34.41,35.56,42.04,31.07,8.662,4.552,1.008,,,,7.654
7,7,7_7,2,25-01-23,2,35,33.06,34.03,39.75,27.29,7.712,3.277,0.543,,,,7.169
7,7,7_7,3,25-01-23,2,38.41,36.17,37.29,40.72,34.42,9.323,3.637,0.775,,,,8.548
7,7,7_7,4,25-01-23,2,36.48,33.73,35.105,41.54,29.58,7.751,4.107,1.064,,,,6.687
7,7,7_7,5,25-01-23,2,37.16,36.13,36.645,42.49,33.46,8.771,3.079,0.664,,,,8.107
7,7,7_7,6,25-01-23,2,35.03,33.69,34.36,41.62,27.63,,,,,,,
7,7,7_7,7,25-01-23,2,37.16,34.75,35.955,38.85,29.03,,,,,,,
7,7,7_7,8,25-01-23,2,36.5,34.75,35.625,40.74,30.64,,,,,,,
7,7,7_7,9,25-01-23,2,37.2,35.57,36.385,43.26,33.59,,,,,,,
7,7,7_7,10,25-01-23,2,37.84,35.97,36.905,42.26,33.18,,,,,,,
8,5,8_5,1,25-01-23,2,40.18,39.17,39.675,45.14,39.77,10.31,2.91,0.527,,,,9.783
8,5,8_5,2,25-01-23,2,38.04,37,37.52,44.5,36.45,9.768,4.88,1,,,,8.768
8,5,8_5,3,25-01-23,2,39.48,41.78,40.63,46.42,43.43,11.617,4.852,1.464,,,,10.153
8,5,8_5,4,25-01-23,2,38.24,37.28,37.76,44.17,37.67,9.621,5.196,1.26,,,,8.361
8,5,8_5,5,25-01-23,2,39.17,35.42,37.295,48.98,38.12,9.625,4.703,0.992,,,,8.633
8,5,8_5,6,25-01-23,2,33.32,30.72,32.02,37.75,24.49,,,,,,,
8,5,8_5,7,25-01-23,2,38.36,34.94,36.65,47.44,36.56,,,,,,,
8,5,8_5,8,25-01-23,2,36.78,34.14,35.46,44.15,32.45,,,,,,,
8,5,8_5,9,25-01-23,2,38,35.29,36.645,43.64,34.39,,,,,,,
8,5,8_5,10,25-01-23,2,38.35,34.2,36.275,43.92,35,,,,,,,
8,12,8_12,1,25-01-23,2,42,38.4,40.2,46.74,42.61,11.045,5.506,1.367,,,,9.678
8,12,8_12,2,25-01-23,2,36.54,34.88,35.71,41.8,29.66,7.509,3.21,0.487,,,,7.022
8,12,8_12,3,25-01-23,2,35.99,32.25,34.12,39.52,26.23,6.877,2.551,0.768,,,,6.109
8,12,8_12,4,25-01-23,2,36.39,34.26,35.325,43.34,29.65,7.567,3.454,0.71,,,,6.857
8,12,8_12,5,25-01-23,2,41.22,39.27,40.245,36.17,42.5,11.201,5.446,1.399,,,,9.802
8,12,8_12,6,25-01-23,2,39.43,36.07,37.75,44.69,37.36,,,,,,,
8,12,8_12,7,25-01-23,2,36.03,35.58,35.805,42.1,32.04,,,,,,,
8,12,8_12,8,25-01-23,2,36.56,34.97,35.765,42.17,30.84,,,,,,,
8,12,8_12,9,25-01-23,2,36.08,34.6,35.34,42.93,32.75,,,,,,,
8,12,8_12,10,25-01-23,2,37.98,36.87,37.425,43.92,34.7,,,,,,,
4,10,4_10,1,27-02-23,3,35.71,32.87,34.29,40.66,27.206,8.369,3.163,1.945,,,,6.424
4,10,4_10,2,27-02-23,3,38.35,36.41,37.38,42.54,34.718,10.946,4.495,2.949,,,,7.997
4,10,4_10,3,27-02-23,3,34.4,36.64,35.52,40.75,29.923,10.097,4.201,2.957,,,,7.14
4,10,4_10,4,27-02-23,3,38.34,37.18,37.76,44.52,34.683,11.254,5.174,3.363,,,,7.891
4,10,4_10,5,27-02-23,3,35.84,35.5,35.67,38.68,30.757,9.981,2.946,1.888,,,,8.093
4,10,4_10,6,27-02-23,3,37.43,37.24,37.335,45.09,35.965,,,,,,,
4,10,4_10,7,27-02-23,3,35.2,32.8,34,36.85,25.37,,,,,,,
4,10,4_10,8,27-02-23,3,35.18,33.65,34.415,41.89,26.168,,,,,,,
4,10,4_10,9,27-02-23,3,38.94,36.75,37.845,39.14,34.499,,,,,,,
4,10,4_10,10,27-02-23,3,34.48,31.6,33.04,44.98,24.643,,,,,,,
4,18,4_18,1,27-02-23,3,39.95,41.96,40.955,48.3,43.436,13.461,5.116,3.126,,,,10.335
4,18,4_18,2,27-02-23,3,40.3,38.56,39.43,41.95,42.421,13.11,4.108,2.037,,,,11.073
4,18,4_18,3,27-02-23,3,36.65,39.22,37.935,41.03,36.554,11.254,4.045,2.651,,,,8.603
4,18,4_18,4,27-02-23,3,38.66,37.53,38.095,42.23,36.474,11.09,4.295,2.184,,,,8.906
4,18,4_18,5,27-02-23,3,36.12,39.33,37.725,39.86,37.037,11.323,5.035,3.01,,,,8.313
4,18,4_18,6,27-02-23,3,37.89,38.99,38.44,42.71,33.781,,,,,,,
4,18,4_18,7,27-02-23,3,36.68,39.68,38.18,46.32,35.291,,,,,,,
4,18,4_18,8,27-02-23,3,40.38,41.85,41.115,42.89,45.118,,,,,,,
4,18,4_18,9,27-02-23,3,38.37,36.27,37.32,44.65,35.187,,,,,,,
4,18,4_18,10,27-02-23,3,39.32,41.53,40.425,45.33,43.251,,,,,,,
5,6,5_6,1,27-02-23,3,36.68,38.15,37.415,42.09,36.085,11.74,3.876,1.908,,,,9.832
5,6,5_6,2,27-02-23,3,35.54,39.52,37.53,46.72,33.652,10.513,4.15,2.41,,,,8.103
5,6,5_6,3,27-02-23,3,36.13,38.63,37.38,40.39,36.109,11.073,4.857,2.886,,,,8.187
5,6,5_6,4,27-02-23,3,37.12,37.65,37.385,46.05,33.549,10.545,4.511,2.957,,,,7.588
5,6,5_6,5,27-02-23,3,39.41,39.28,39.345,46.05,41.699,13.226,5.727,3.853,,,,9.373
5,6,5_6,6,27-02-23,3,40.04,37.83,38.935,44.9,38.074,,,,,,,
5,6,5_6,7,27-02-23,3,36.08,38.22,37.15,40.83,33.203,,,,,,,
5,6,5_6,8,27-02-23,3,35.84,38.22,37.03,43.89,34.485,,,,,,,
5,6,5_6,9,27-02-23,3,38.79,41.14,39.965,42.94,39.068,,,,,,,
5,6,5_6,10,27-02-23,3,38.64,41.06,39.85,44.64,40.06,,,,,,,
5,18,5_18,1,27-02-23,3,40.92,39.36,40.14,44.09,41.774,12.665,4.892,3.13,,,,9.535
5,18,5_18,2,27-02-23,3,38.1,39.29,38.695,39.17,35.183,11.079,4.998,3.207,,,,7.872
5,18,5_18,3,27-02-23,3,39.24,39.12,39.18,47.49,43.937,13.3,5.311,2.224,,,,11.076
5,18,5_18,4,27-02-23,3,38.7,41.23,39.965,43.21,39.734,11.906,5.542,2.959,,,,8.947
5,18,5_18,5,27-02-23,3,41.59,37.98,39.785,47.99,43.053,12.628,5.753,3.108,,,,9.52
5,18,5_18,6,27-02-23,3,36.49,38.89,37.69,40.89,30.078,,,,,,,
5,18,5_18,7,27-02-23,3,,,,,,,,,,,,
5,18,5_18,8,27-02-23,3,,,,,,,,,,,,
5,18,5_18,9,27-02-23,3,,,,,,,,,,,,
5,18,5_18,10,27-02-23,3,,,,,,,,,,,,
6,16,6_16,1,27-02-23,3,35.73,38.46,37.095,42.52,34.035,10.291,3.09,2.194,,,,8.097
6,16,6_16,2,27-02-23,3,37.28,39.15,38.215,41.32,35.154,10.363,3.974,2.558,,,,7.805
6,16,6_16,3,27-02-23,3,34.97,37.15,36.06,41.32,31.592,9.861,4.061,2.418,,,,7.443
6,16,6_16,4,27-02-23,3,38.5,39.04,38.77,42.96,37.21,11.823,5.244,3.276,,,,8.547
6,16,6_16,5,27-02-23,3,38.1,40.27,39.185,46.13,39.333,12.709,4.587,2.944,,,,9.765
6,16,6_16,6,27-02-23,3,36.54,39.2,37.87,46.05,37.684,,,,,,,
6,16,6_16,7,27-02-23,3,34.57,39.05,36.81,42.09,33.501,,,,,,,
6,16,6_16,8,27-02-23,3,34.7,37.19,35.945,43.21,32.329,,,,,,,
6,16,6_16,9,27-02-23,3,34.59,36.83,35.71,48.54,31.435,,,,,,,
6,16,6_16,10,27-02-23,3,33.16,36.33,34.745,41.18,29.154,,,,,,,
6,19,6_19,1,27-02-23,3,38.65,40.7,39.675,47.45,42.111,12.665,4.93,3,,,,9.665
6,19,6_19,2,27-02-23,3,38.63,40.21,39.42,45.87,42.143,12.772,5.091,2.979,,,,9.793
6,19,6_19,3,27-02-23,3,39.12,40.77,39.945,45.32,41.594,13.398,5.725,3.847,,,,9.551
6,19,6_19,4,27-02-23,3,36.5,36.85,36.675,43.88,35.584,11.149,4.212,2.388,,,,8.761
6,19,6_19,5,27-02-23,3,38.65,38.55,38.6,40.84,32.094,8.085,,,,,,8.085
6,19,6_19,6,27-02-23,3,36.14,37.89,37.015,42.57,35.21,,,,,,,
6,19,6_19,7,27-02-23,3,34.22,33.68,33.95,39.18,25.755,,,,,,,
6,19,6_19,8,27-02-23,3,36.05,34.62,35.335,40.58,29.086,,,,,,,
6,19,6_19,9,27-02-23,3,37.57,35.36,36.465,44.41,33.549,,,,,,,
6,19,6_19,10,27-02-23,3,31.44,32.3,31.87,37.26,22.324,,,,,,,
7,5,7_5,1,27-02-23,3,39.07,41.33,40.2,49,45.894,13.565,5.353,3.377,,,,10.188
7,5,7_5,2,27-02-23,3,32.35,35.63,33.99,38.49,24.561,7.279,2.818,1.584,,,,5.695
7,5,7_5,3,27-02-23,3,39.37,39.32,39.345,44.11,40.854,12.579,5.246,3.277,,,,9.302
7,5,7_5,4,27-02-23,3,39.48,37.55,38.515,46,36.497,10.918,4.998,3.294,,,,7.624
7,5,7_5,5,27-02-23,3,37.37,39.24,38.305,44,36.89,11.009,5.061,3.136,,,,7.873
7,5,7_5,6,27-02-23,3,33.39,35.36,34.375,39.02,24.358,,,,,,,
7,5,7_5,7,27-02-23,3,36.36,38.04,37.2,42.69,33.119,,,,,,,
7,5,7_5,8,27-02-23,3,38.19,39.68,38.935,44.07,37.833,,,,,,,
7,5,7_5,9,27-02-23,3,40.03,41.95,40.99,46.4,44.606,,,,,,,
7,5,7_5,10,27-02-23,3,39.93,43.13,41.53,47.06,43.514,,,,,,,
7,7,7_7,1,27-02-23,3,39.52,36.26,37.89,43.92,36.127,10.544,4.488,2.56,,,,7.984
7,7,7_7,2,27-02-23,3,37.1,39.13,38.115,45.31,37.342,11.504,4.58,2.665,,,,8.839
7,7,7_7,3,27-02-23,3,35.3,36.71,36.005,43.17,32.463,9.928,4.076,2.357,,,,7.571
7,7,7_7,4,27-02-23,3,36.05,33.69,34.87,39.98,27.541,8.65,3.316,2.173,,,,6.477
7,7,7_7,5,27-02-23,3,41.14,38.39,39.765,45.79,39.983,12.042,4.8,2.809,,,,9.233
7,7,7_7,6,27-02-23,3,38.13,37.52,37.825,43.04,35.572,,,,,,,
7,7,7_7,7,27-02-23,3,33.72,33.7,33.71,43,29.357,,,,,,,
7,7,7_7,8,27-02-23,3,34.42,34.2,34.31,37.12,25.818,,,,,,,
7,7,7_7,9,27-02-23,3,36.05,34.58,35.315,38.81,29.394,,,,,,,
7,7,7_7,10,27-02-23,3,37.53,35.97,36.75,46.99,34.685,,,,,,,
8,5,8_5,1,27-02-23,3,41.09,39,40.045,47.71,44.263,13.378,6.24,3.926,,,,9.452
8,5,8_5,2,27-02-23,3,40.2,38.89,39.545,47.79,42.427,12.72,5.284,3.436,,,,9.284
8,5,8_5,3,27-02-23,3,41.91,39.37,40.64,46.31,43.374,13.229,5.205,3.238,,,,9.991
8,5,8_5,4,27-02-23,3,37.89,36.87,37.38,40.14,32.047,10.023,5.108,3.187,,,,6.836
8,5,8_5,5,27-02-23,3,40.64,38.48,39.56,44.47,41.06,12.913,5.861,3.849,,,,9.064
8,5,8_5,6,27-02-23,3,3.07,35.7,19.385,46.86,33.733,,,,,,,
8,5,8_5,7,27-02-23,3,37.61,34.98,36.295,46.33,33.251,,,,,,,
8,5,8_5,8,27-02-23,3,37.87,35.43,36.65,45.04,33.739,,,,,,,
8,5,8_5,9,27-02-23,3,38.12,34.92,36.52,45.32,31.781,,,,,,,
8,5,8_5,10,27-02-23,3,38.13,37.84,37.985,39.88,35.353,,,,,,,
8,12,8_12,1,27-02-23,3,41.22,38.85,40.035,44.69,41.699,12.34,4.205,2.48,,,,9.86
8,12,8_12,2,27-02-23,3,40.25,37.37,38.81,44.56,36.324,10.572,3.533,2.34,,,,8.232
8,12,8_12,3,27-02-23,3,39.96,38.13,39.045,42.13,36.915,10.96,4.521,2.842,,,,8.118
8,12,8_12,4,27-02-23,3,39.75,37.66,38.705,43.68,36.453,10.701,5.152,2.786,,,,7.915
8,12,8_12,5,27-02-23,3,42.25,41.29,41.77,46.35,43.194,12.5,5.791,3.454,,,,9.046
8,12,8_12,6,27-02-23,3,41.11,36.93,39.02,45.04,40.31,,,,,,,
8,12,8_12,7,27-02-23,3,38.81,36.48,37.645,43.67,31.414,,,,,,,
8,12,8_12,8,27-02-23,3,37.6,35.93,36.765,38.89,30.258,,,,,,,
8,12,8_12,9,27-02-23,3,37.78,35.31,36.545,47.01,33.293,,,,,,,
8,12,8_12,10,27-02-23,3,38.47,36.95,37.71,40.7,32.467,,,,,,,
4,10,4_10,1,30-03-23,4,29.56,30.59,30.075,38.57,41.704,6.009,5.724,4.393,,,,
4,10,4_10,2,30-03-23,4,27.02,28.08,27.55,33.09,24.364,4.008,3.746,2.778,,,,
4,10,4_10,3,30-03-23,4,31.73,32.3,32.015,38.13,46.114,6.159,6.764,5.211,,,,
4,10,4_10,4,30-03-23,4,27.4,28.85,28.125,35.02,33.759,4.86,4.464,3.59,,,,
4,10,4_10,5,30-03-23,4,32.48,33.18,32.83,38.65,45.545,5.59,6.683,5.085,,,,
4,10,4_10,6,30-03-23,4,,,,,44.944,,,,,,,
4,10,4_10,7,30-03-23,4,,,,,20.251,,,,,,,
4,10,4_10,8,30-03-23,4,,,,,25.35,,,,,,,
4,10,4_10,9,30-03-23,4,,,,,37.412,,,,,,,
4,10,4_10,10,30-03-23,4,,,,,16.213,,,,,,,
4,18,4_18,1,30-03-23,4,33.5,31.5,32.5,34.46,30.713,5.879,6.539,5.055,,,,
4,18,4_18,2,30-03-23,4,34.6,30.91,32.755,37.15,44.614,5.825,7.077,5.355,,,,
4,18,4_18,3,30-03-23,4,33.42,31.97,32.695,39.46,34.57,6.644,6.661,5.299,,,,
4,18,4_18,4,30-03-23,4,33.48,33.88,33.68,38.62,46.378,6.616,7.061,5.332,,,,
4,18,4_18,5,30-03-23,4,32.11,29.53,30.82,35.62,31.665,4.842,4.409,2.845,,,,
4,18,4_18,6,30-03-23,4,,,,,43.077,,,,,,,
4,18,4_18,7,30-03-23,4,,,,,47.915,,,,,,,
4,18,4_18,8,30-03-23,4,,,,,38.274,,,,,,,
4,18,4_18,9,30-03-23,4,,,,,39.947,,,,,,,
4,18,4_18,10,30-03-23,4,,,,,23.058,,,,,,,
5,6,5_6,1,30-03-23,4,30.07,28.86,29.465,36.51,32.261,4.942,4.424,3.316,,,,
5,6,5_6,2,30-03-23,4,30.29,28.88,29.585,37.58,34.868,4.92,5.011,3.744,,,,
5,6,5_6,3,30-03-23,4,31.82,30.35,31.085,35.53,18.12,4.641,4.387,3.722,,,,
5,6,5_6,4,30-03-23,4,28.34,27.24,27.79,35.21,17.489,3.554,2.712,2.063,,,,
5,6,5_6,5,30-03-23,4,28.78,30.36,29.57,36.29,29.717,4.655,4.527,3.358,,,,
5,6,5_6,6,30-03-23,4,,,,,30.508,,,,,,,
5,6,5_6,7,30-03-23,4,,,,,11.723,,,,,,,
5,6,5_6,8,30-03-23,4,,,,,41.465,,,,,,,
5,6,5_6,9,30-03-23,4,,,,,34.311,,,,,,,
5,6,5_6,10,30-03-23,4,,,,,26.285,,,,,,,
5,18,5_18,1,30-03-23,4,34.4,33.33,33.865,34.92,46.242,6.268,7.266,5.462,,,,
5,18,5_18,2,30-03-23,4,32.16,30.93,31.545,33,26.054,4.543,5.812,4.494,,,,
5,18,5_18,3,30-03-23,4,33.28,32.11,32.695,35.58,44.505,5.96,6.843,5.199,,,,
5,18,5_18,4,30-03-23,4,34.49,33.08,33.785,33.84,42.307,5.849,6.253,4.678,,,,
5,18,5_18,5,30-03-23,4,31.91,31.6,31.755,35.53,37.757,5.833,6.211,4.707,,,,
5,18,5_18,6,30-03-23,4,,,,,18.774,,,,,,,
5,18,5_18,7,30-03-23,4,,,,,42.81,,,,,,,
5,18,5_18,8,30-03-23,4,,,,,36.444,,,,,,,
5,18,5_18,9,30-03-23,4,,,,,45.456,,,,,,,
5,18,5_18,10,30-03-23,4,,,,,39.931,,,,,,,
6,16,6_16,1,30-03-23,4,28.57,29.7,29.135,35.1,28.063,4.585,4.653,3.505,,,,
6,16,6_16,2,30-03-23,4,28.54,27.6,28.07,32.9,25.091,4.439,4.351,3.301,,,,
6,16,6_16,3,30-03-23,4,32.49,31.88,32.185,38.44,36.056,5.274,6.016,4.548,,,,
6,16,6_16,4,30-03-23,4,28.83,30.75,29.79,34.55,30.566,4.816,5.291,4.217,,,,
6,16,6_16,5,30-03-23,4,31.83,31.98,31.905,34.35,42.161,5.97,5.448,4.142,,,,
6,16,6_16,6,30-03-23,4,,,,,40.057,,,,,,,
6,16,6_16,7,30-03-23,4,,,,,38.36,,,,,,,
6,16,6_16,8,30-03-23,4,,,,,31.366,,,,,,,
6,16,6_16,9,30-03-23,4,,,,,42.001,,,,,,,
6,16,6_16,10,30-03-23,4,,,,,19.475,,,,,,,
6,19,6_19,1,30-03-23,4,30.74,29.3,30.02,34.73,36.082,5.21,5.446,4.165,,,,
6,19,6_19,2,30-03-23,4,30.55,30.41,30.48,33.38,27.989,4.303,4.857,3.518,,,,
6,19,6_19,3,30-03-23,4,29.02,28.42,28.72,33.64,31.252,4.421,4.185,3.212,,,,
6,19,6_19,4,30-03-23,4,27.11,27,27.055,30.56,24.678,3.792,3.814,2.899,,,,
6,19,6_19,5,30-03-23,4,33.87,31.54,32.705,33.52,36.208,5.384,6.135,4.586,,,,
6,19,6_19,6,30-03-23,4,,,,,26.771,,,,,,,
6,19,6_19,7,30-03-23,4,,,,,34.31,,,,,,,
6,19,6_19,8,30-03-23,4,,,,,25.614,,,,,,,
6,19,6_19,9,30-03-23,4,,,,,22.956,,,,,,,
6,19,6_19,10,30-03-23,4,,,,,17.211,,,,,,,
7,5,7_5,1,30-03-23,4,29.9,32.7,31.3,38.28,44.218,5.765,5.804,4.305,,,,
7,5,7_5,2,30-03-23,4,29.91,31.7,30.805,37.06,27.361,5.132,5.278,4.052,,,,
7,5,7_5,3,30-03-23,4,33.42,31.51,32.465,39.11,36.871,5.599,5.969,4.535,,,,
7,5,7_5,4,30-03-23,4,31.85,29.39,30.62,37.37,36.207,5.429,6.163,4.612,,,,
7,5,7_5,5,30-03-23,4,31.75,32,31.875,36.23,31.174,5.429,6.014,4.514,,,,
7,5,7_5,6,30-03-23,4,,,,,38.445,,,,,,,
7,5,7_5,7,30-03-23,4,,,,,30.2,,,,,,,
7,5,7_5,8,30-03-23,4,,,,,36.185,,,,,,,
7,5,7_5,9,30-03-23,4,,,,,38.859,,,,,,,
7,5,7_5,10,30-03-23,4,,,,,31.633,,,,,,,
7,7,7_7,1,30-03-23,4,31.58,29.62,30.6,39.7,35.973,5.083,5.198,3.673,,,,
7,7,7_7,2,30-03-23,4,31.76,30.06,30.91,37.46,37.648,5.641,6.18,4.695,,,,
7,7,7_7,3,30-03-23,4,28.96,26.8,27.88,34.09,28.957,4.377,3.971,2.8,,,,
7,7,7_7,4,30-03-23,4,29.47,27.42,28.445,36.43,31.349,4.655,4.484,3.253,,,,
7,7,7_7,5,30-03-23,4,30.73,28.77,29.75,36.11,26.913,5.281,4.703,3.504,,,,
7,7,7_7,6,30-03-23,4,,,,,33.366,,,,,,,
7,7,7_7,7,30-03-23,4,,,,,38.203,,,,,,,
7,7,7_7,8,30-03-23,4,,,,,33.123,,,,,,,
7,7,7_7,9,30-03-23,4,,,,,30.885,,,,,,,
7,7,7_7,10,30-03-23,4,,,,,13.114,,,,,,,
8,5,8_5,1,30-03-23,4,34.5,31.42,32.96,39.5,39.725,6.396,6.757,5.117,,,,
8,5,8_5,2,30-03-23,4,32.69,29.82,31.255,36.06,40.271,5.31,5.472,4.143,,,,
8,5,8_5,3,30-03-23,4,33,30.99,31.995,38.15,43.693,5.796,6.923,5.217,,,,
8,5,8_5,4,30-03-23,4,33.48,32.21,32.845,37.41,33.201,5.745,6.249,4.77,,,,
8,5,8_5,5,30-03-23,4,33.49,34.07,33.78,38.17,47.26,6.185,7.764,5.885,,,,
8,5,8_5,6,30-03-23,4,,,,,26.357,,,,,,,
8,5,8_5,7,30-03-23,4,,,,,20.52,,,,,,,
8,5,8_5,8,30-03-23,4,,,,,72.818,,,,,,,
8,5,8_5,9,30-03-23,4,,,,,21.587,,,,,,,
8,5,8_5,10,30-03-23,4,,,,,15.437,,,,,,,
8,12,8_12,1,30-03-23,4,31.67,32.66,32.165,35.07,43.446,5.669,6.01,4.623,,,,
8,12,8_12,2,30-03-23,4,30.98,29.74,30.36,34.75,20.515,4.851,5.081,3.955,,,,
8,12,8_12,3,30-03-23,4,32.73,30.35,31.54,37.36,16.456,5.222,5.511,4.808,,,,
8,12,8_12,4,30-03-23,4,30.53,28.46,29.495,36.77,35.116,4.656,4.712,3.456,,,,
8,12,8_12,5,30-03-23,4,31.32,32.37,31.845,34.84,28.198,5.336,6.006,4.562,,,,
8,12,8_12,6,30-03-23,4,,,,,25.136,,,,,,,
8,12,8_12,7,30-03-23,4,,,,,38.058,,,,,,,
8,12,8_12,8,30-03-23,4,,,,,12.176,,,,,,,
8,12,8_12,9,30-03-23,4,,,,,46.529,,,,,,,
8,12,8_12,10,30-03-23,4,,,,,17.793,,,,,,,
4,10,4_10,1,24-04-23,5,30.01,,30.01,36.43,10.497,10.084,,4.443,24.15,27.47,4.487,
4,10,4_10,2,24-04-23,5,28.34,,28.34,29.65,6.504,6.223,,2.563,20.97,22.02,2.574,
4,10,4_10,3,24-04-23,5,25.45,,25.45,31.04,8.472,8.141,,3.933,22.92,24.1,3.974,
4,10,4_10,4,24-04-23,5,25.3,,25.3,29,6.749,6.456,,2.319,19.68,20.97,2.338,
4,10,4_10,5,24-04-23,5,30.12,,30.12,32.05,9.315,8.777,,3.329,23.55,23.97,3.366,
4,10,4_10,6,24-04-23,5,31.37,,31.37,34.95,10.745,9.876,,4.054,24.71,26.91,4.091,
4,10,4_10,7,24-04-23,5,29.09,,29.09,32.7,8.487,8.134,,3.571,23.11,25.36,3.602,
4,10,4_10,8,24-04-23,5,29.04,,29.04,27.64,8.027,7.566,,2.732,22.39,22.86,2.769,
4,10,4_10,9,24-04-23,5,28.5,,28.5,32.55,8.301,12.998,,3.836,21.88,25.84,3.871,
4,10,4_10,10,24-04-23,5,27.64,,27.64,29.67,7.133,6.851,,2.811,21.27,20.73,2.919,
4,10,4_10,11,24-04-23,5,29.87,,29.87,32.37,9.791,9.434,,4.329,24.71,26.36,4.356,
4,10,4_10,12,24-04-23,5,32.44,,32.44,37.66,11.152,10.699,,4.92,25.73,28.56,4.961,
4,10,4_10,13,24-04-23,5,29.72,,29.72,32.89,9.688,9.307,,3.914,24.09,26.62,3.944,
4,10,4_10,14,24-04-23,5,33.43,,33.43,37.89,12.891,11.223,,4.479,22.92,28.13,4.124,
4,10,4_10,15,24-04-23,5,28.74,,28.74,31.7,8.187,7.853,,3.374,21.84,24.32,3.405,
4,10,4_10,16,24-04-23,5,28.85,,28.85,32.8,8.907,,3.518,,19.48,26.37,,
4,10,4_10,17,24-04-23,5,28.34,,28.34,35.07,7.91,,3.097,,20.85,25.21,,
4,10,4_10,18,24-04-23,5,28.86,,28.86,27.59,4.452,,0.977,,15.89,18.06,,
4,10,4_10,19,24-04-23,5,28.26,,28.26,30.17,7.06,,2.757,,18.96,21.21,,
4,10,4_10,20,24-04-23,5,28.9,,28.9,32.72,8.479,,3.485,,20.91,24.53,,
4,18,4_18,1,24-04-23,5,30.72,,30.72,33.38,11.065,9.116,,3.555,22.42,24.2,3.594,
4,18,4_18,2,24-04-23,5,31.04,,31.04,34.47,7.409,7.007,,1.565,17.72,21.73,1.592,
4,18,4_18,3,24-04-23,5,32.03,,32.03,34.53,11.596,11.135,,5.156,21.2,27.81,5.199,
4,18,4_18,4,24-04-23,5,32.56,,32.56,33.09,11.282,10.848,,5.051,25.66,25.68,5.089,
4,18,4_18,5,24-04-23,5,32.38,,32.38,37.13,11.975,11.153,,4.757,25.16,28.41,4.797,
4,18,4_18,6,24-04-23,5,30.78,,30.78,36.9,10.817,10.352,,4.412,23.94,27.58,4.478,
4,18,4_18,7,24-04-23,5,32.12,,32.12,35.32,11.003,10.524,,5.103,24.55,29.57,1.973,
4,18,4_18,8,24-04-23,5,34.04,,34.04,35.64,13.367,12.586,,5.435,26.97,28.91,5.487,
4,18,4_18,9,24-04-23,5,33.1,,33.1,37.19,11.95,11.279,,5.046,24.69,28.22,5.094,
4,18,4_18,10,24-04-23,5,31.12,,31.12,35.55,10.522,10.387,,4.025,23.72,27.02,4.684,
4,18,4_18,11,24-04-23,5,33.92,,33.92,38.66,12.027,11.452,,4.999,25.2,29.17,5.05,
4,18,4_18,12,24-04-23,5,31.69,,31.69,36.4,10.988,10.542,,4.365,24.37,26.82,4.4,
4,18,4_18,13,24-04-23,5,32.81,,32.81,35.84,12.108,11.047,,3.276,22.46,24.91,3.305,
4,18,4_18,14,24-04-23,5,30.65,,30.65,34.76,10.412,9.877,,4.182,24.32,26.37,4.212,
4,18,4_18,15,24-04-23,5,32.98,,32.98,36.44,11.656,10.898,,4.77,24.72,26.62,4.811,
4,18,4_18,16,24-04-23,5,31.72,,31.72,35.84,10.946,,4.901,,24.39,25.42,,
4,18,4_18,17,24-04-23,5,32.13,,32.13,34.24,10.633,,4.531,,22.82,24.87,,
4,18,4_18,18,24-04-23,5,31.38,,31.38,34.98,10.291,,4.014,,22.6,24.11,,
4,18,4_18,19,24-04-23,5,32.3,,32.3,36.79,10.53,,4.622,,20,26.61,,
4,18,4_18,20,24-04-23,5,31.7,,31.7,33.08,10.491,,4.42,,23.49,24.53,,
5,6,5_6,1,24-04-23,5,30.96,,30.96,36.64,9.986,9.434,,4.082,25.59,26.36,4.111,
5,6,5_6,2,24-04-23,5,31.14,,31.14,34.21,10.14,9.743,,4.648,24.47,27.29,4.664,
5,6,5_6,3,24-04-23,5,30.79,,30.79,33.1,10.228,9.911,,4.752,22.92,25.06,4.782,
5,6,5_6,4,24-04-23,5,30.91,,30.91,34.25,9.631,8.984,,3.428,22.5,25.26,3.501,
5,6,5_6,5,24-04-23,5,30.34,,30.34,33.2,8.716,8.348,,3.435,22.94,24.34,3.454,
5,6,5_6,6,24-04-23,5,30.2,,30.2,34.29,10.067,9.495,,3.99,22.96,26.89,4.015,
5,6,5_6,7,24-04-23,5,28.78,,28.78,33.67,8.968,8.59,,3.53,22.23,25.66,3.565,
5,6,5_6,8,24-04-23,5,29.25,,29.25,33.21,8.54,8.208,,3.447,23.04,23.52,3.474,
5,6,5_6,9,24-04-23,5,30.38,,30.38,34.82,10.451,10.062,,4.789,23.56,26.29,4.824,
5,6,5_6,10,24-04-23,5,28.4,,28.4,34.74,8.924,8.542,,3.28,23.56,25.31,3.302,
5,6,5_6,11,24-04-23,5,30.11,,30.11,36.65,9.941,9.543,,4.284,23.99,27.9,4.314,
5,6,5_6,12,24-04-23,5,30.95,,30.95,31.86,9.484,9.114,,4.182,23.64,25.51,4.211,
5,6,5_6,13,24-04-23,5,30.89,,30.89,36.13,10.495,10.088,,4.67,23.27,28.57,4.726,
5,6,5_6,14,24-04-23,5,31.95,,31.95,34.28,10.539,9.887,,4.529,24.84,26.52,4.584,
5,6,5_6,15,24-04-23,5,30.79,,30.79,34.22,10.012,9.64,,4.329,23.81,24.8,4.422,
5,6,5_6,16,24-04-23,5,31.23,,31.23,35.23,11.18,,5.207,,24.23,26.48,,
5,6,5_6,17,24-04-23,5,29.32,,29.32,34.78,9.414,,4.189,,23.76,26.36,,
5,6,5_6,18,24-04-23,5,28.49,,28.49,32.59,8.351,,3.272,,21.72,24.47,,
5,6,5_6,19,24-04-23,5,28.52,,28.52,32.98,8.43,,3.976,,20.63,23.34,,
5,6,5_6,20,24-04-23,5,29.88,,29.88,33.41,9.023,,3.761,,20.91,24.23,,
5,18,5_18,1,24-04-23,5,33.36,,33.36,36.35,10.866,10.408,,4.71,24.14,26.49,4.749,
5,18,5_18,2,24-04-23,5,32.56,,32.56,35.26,12.061,11.34,,5.142,25.67,26.25,5.196,
5,18,5_18,3,24-04-23,5,32.86,,32.86,38.25,11.47,11.024,,4.77,27.1,29.19,4.836,
5,18,5_18,4,24-04-23,5,32.83,,32.83,37.7,11.661,10.584,,4.466,26.15,27.27,4.5,
5,18,5_18,5,24-04-23,5,32.04,,32.04,34.7,10.674,10.265,,3.995,25.78,27.24,4.034,
5,18,5_18,6,24-04-23,5,33.22,,33.22,34.4,11.137,10.666,,4.898,23.85,25.98,4.932,
5,18,5_18,7,24-04-23,5,30.14,,30.14,34.13,9.17,8.813,,3.984,23.58,26.1,4.018,
5,18,5_18,8,24-04-23,5,31.74,,31.74,37.56,10.747,10.324,,4.395,24.63,25.25,4.429,
5,18,5_18,9,24-04-23,5,30.92,,30.92,34.36,10.633,10.187,,4.564,27.15,28.23,4.563,
5,18,5_18,10,24-04-23,5,33.4,,33.4,36.81,13.531,11.115,,4.8,25.16,27.33,4.846,
5,18,5_18,11,24-04-23,5,30.8,,30.8,34.88,9.178,8.745,,4.189,23.84,26.08,4.213,
5,18,5_18,12,24-04-23,5,33.89,,33.89,35.9,18.793,12.408,,5.744,27.02,28.48,5.823,
5,18,5_18,13,24-04-23,5,31.64,,31.64,34.97,11.05,10.487,,4.315,23.67,27.19,4.346,
5,18,5_18,14,24-04-23,5,32.54,,32.54,36.5,11,10.564,,4.666,26.69,28.46,4.706,
5,18,5_18,15,24-04-23,5,33.26,,33.26,36.17,11.636,11.128,,4.716,25.68,28.09,4.754,
5,18,5_18,16,24-04-23,5,31.37,,31.37,34.91,10.771,,4.687,,22.65,26.51,,
5,18,5_18,17,24-04-23,5,31.32,,31.32,37.79,10.706,,4.025,,24.13,25.8,,
5,18,5_18,18,24-04-23,5,33.03,,33.03,36.82,11.823,,4.79,,23.16,26.69,,
5,18,5_18,19,24-04-23,5,32.56,,32.56,35.73,11.046,,4.339,,23.26,25.72,,
5,18,5_18,20,24-04-23,5,32.45,,32.45,35.68,11.215,,4.793,,21.27,26.1,,
6,16,6_16,1,24-04-23,5,31.07,,31.07,35.04,10.339,9.8,,4.298,21.97,27.46,4.327,
6,16,6_16,2,24-04-23,5,30.63,,30.63,33.34,9.8,9.394,,4.185,23.4,25.18,4.218,
6,16,6_16,3,24-04-23,5,31.2,,31.2,35.16,10.435,9.546,,4.136,25.08,26.24,4.158,
6,16,6_16,4,24-04-23,5,29.56,,29.56,35.17,8.862,8.447,,3.549,22.33,26.2,3.581,
6,16,6_16,5,24-04-23,5,31.15,,31.15,33.78,9.838,9.442,,4.532,25.6,27.41,4.564,
6,16,6_16,6,24-04-23,5,31.72,,31.72,35.1,12.403,10.012,,4.269,23.3,26.35,4.3,
6,16,6_16,7,24-04-23,5,31.96,,31.96,36.97,11.138,10.647,,4.433,26.22,26.91,4.47,
6,16,6_16,8,24-04-23,5,27.68,,27.68,32.12,8.309,7.943,,3.415,22.15,26.51,3.442,
6,16,6_16,9,24-04-23,5,29.5,,29.5,34.91,9.048,8.6552,,3.315,23.13,24.41,3.343,
6,16,6_16,10,24-04-23,5,29.39,,29.39,33.74,8.219,7.791,,3.246,23.6,25.46,3.27,
6,16,6_16,11,24-04-23,5,32.06,,32.06,34.83,11.457,10.875,,8.472,25.47,27.78,4.915,
6,16,6_16,12,24-04-23,5,31,,31,35.3,10.654,9.777,,4.065,24.58,25.99,4.101,
6,16,6_16,13,24-04-23,5,29.6,,29.6,33.06,9.001,8.665,,3.942,23.4,26.35,4.019,
6,16,6_16,14,24-04-23,5,30.46,,30.46,32,9.758,9.37,,4.15,23.66,26.36,4.188,
6,16,6_16,15,24-04-23,5,29,,29,32.89,8.132,7.802,,3.513,22.24,25.7,3.545,
6,16,6_16,16,24-04-23,5,30.91,,30.91,33.78,10.345,,4.601,,24.52,27.83,,
6,16,6_16,17,24-04-23,5,29.91,,29.91,32.16,9.196,,4.036,,21.9,25.52,,
6,16,6_16,18,24-04-23,5,28.73,,28.73,33.34,8.42,,3.292,,21.86,25.44,,
6,16,6_16,19,24-04-23,5,32.19,,32.19,35.91,11.146,,4.895,,23.58,26.86,,
6,16,6_16,20,24-04-23,5,25.85,,25.85,28.39,6.296,,2.346,,26.9,20.28,,
6,19,6_19,1,24-04-23,5,30.97,,30.97,33.74,10.64,10.14,,4.445,23.89,25.69,4.474,
6,19,6_19,2,24-04-23,5,29.27,,29.27,32.55,8.527,7.99,,3.369,22.36,24.19,3.4,
6,19,6_19,3,24-04-23,5,28.43,,28.43,34.36,8.703,7.854,,3.172,18.52,25.55,3.2,
6,19,6_19,4,24-04-23,5,25.32,,25.32,30.67,5.706,5.452,,2.128,18.58,22.08,2.148,
6,19,6_19,5,24-04-23,5,29.71,,29.71,32.83,8.659,8.321,,3.804,21.86,26.53,3.852,
6,19,6_19,6,24-04-23,5,29.94,,29.94,34.18,9.966,9.388,,4.059,22.13,25.67,4.119,
6,19,6_19,7,24-04-23,5,29.99,,29.99,30.35,8.419,8.071,,3.354,22.9,22.42,3.3385,
6,19,6_19,8,24-04-23,5,30.39,,30.39,32.84,11.771,9.513,,4.175,23.63,25.32,4.214,
6,19,6_19,9,24-04-23,5,26.9,,26.9,30.85,7.241,6.977,,3.071,20.06,24.51,3.093,
6,19,6_19,10,24-04-23,5,28.93,,28.93,33.36,9.11,8.668,,3.735,21.59,25.91,3.767,
6,19,6_19,11,24-04-23,5,30.25,,30.25,33.79,11.534,9.196,,3.886,23,25.99,3.938,
6,19,6_19,12,24-04-23,5,24.61,,24.61,27.76,5.446,5.262,,2.267,18.82,20.5,2.288,
6,19,6_19,13,24-04-23,5,28.98,,28.98,30.16,8.326,7.931,,3.313,22.77,23.83,3.341,
6,19,6_19,14,24-04-23,5,27.7,,27.7,28.54,7.292,6.964,,2.482,20.3,21.92,2.502,
6,19,6_19,15,24-04-23,5,27.68,,27.68,32.45,7.802,7.458,,2.78,22.15,23.14,2.808,
6,19,6_19,16,24-04-23,5,29.11,,29.11,31.1,8.359,,3.537,,22.41,25.49,,
6,19,6_19,17,24-04-23,5,27.51,,27.51,30.46,6.471,,2.346,,21.14,22.74,,
6,19,6_19,18,24-04-23,5,31.3,,31.3,36.86,10.871,,4.438,,22.64,28.37,,
6,19,6_19,19,24-04-23,5,26.73,,26.73,30.6,6.849,,2.788,,19.42,22.69,,
6,19,6_19,20,24-04-23,5,26.76,,26.76,30.14,6.862,,2.443,,20.82,22.24,,
7,5,7_5,1,24-04-23,5,33.22,,33.22,33.14,10.578,10.238,,4.73,22.27,26.33,4.774,
7,5,7_5,2,24-04-23,5,29.91,,29.91,34.06,8.518,8.235,,3.505,23.4,23.44,3.134,
7,5,7_5,3,24-04-23,5,31.06,,31.06,33.2,10.101,9.704,,4.374,23.21,25.57,4.411,
7,5,7_5,4,24-04-23,5,31.02,,31.02,32.94,9.574,9.16,,4.32,21.58,26.66,4.334,
7,5,7_5,5,24-04-23,5,32.79,,32.79,36.16,11.474,11,,4.988,25.66,26.26,5.03,
7,5,7_5,6,24-04-23,5,30.85,,30.85,35.9,9.092,8.795,,4.012,24.83,25.52,4.032,
7,5,7_5,7,24-04-23,5,30.93,,30.93,35.7,10.329,9.845,,4.118,25.39,24.46,4.164,
7,5,7_5,8,24-04-23,5,28.39,,28.39,33.69,8.279,7.988,,3.652,21.25,25.96,3.683,
7,5,7_5,9,24-04-23,5,31.92,,31.92,37.35,10.829,10.432,,4.986,24.38,29.8,5.045,
7,5,7_5,10,24-04-23,5,31.5,,31.5,35.9,10.479,10.044,,4.547,21.62,26.69,4.587,
7,5,7_5,11,24-04-23,5,27.84,,27.84,32.83,6.996,6.562,,2.42,18.93,21.2,2.464,
7,5,7_5,12,24-04-23,5,31.23,,31.23,34.23,9.147,8.778,,3.372,24.7,25.61,3.414,
7,5,7_5,13,24-04-23,5,28.43,,28.43,32.36,7.804,7.499,,5.134,24.48,28.28,5.18,
7,5,7_5,14,24-04-23,5,31.5,,31.5,34.5,10.094,9.74,,4.488,23.76,26.45,4.128,
7,5,7_5,15,24-04-23,5,29.17,,29.17,35.66,9.796,9.34,,4.06,22.67,25.83,4.101,
7,5,7_5,16,24-04-23,5,31.38,,31.38,34.5,9.358,,4.288,,25.55,27.16,,
7,5,7_5,17,24-04-23,5,32.11,,32.11,36.44,13.39,,5.932,,24.19,28.73,,
7,5,7_5,18,24-04-23,5,32.08,,32.08,37.81,10.661,,4.57,,24.86,28.18,,
7,5,7_5,19,24-04-23,5,32.02,,32.02,35.18,12.145,,4.651,,23.03,24.37,,
7,5,7_5,20,24-04-23,5,28.1,,28.1,32.94,7.394,,2.88,,17.18,23.67,,
7,7,7_7,1,24-04-23,5,30.74,,30.74,36.2,9.564,9.164,,3.592,23.38,23.05,3.617,
7,7,7_7,2,24-04-23,5,29.53,,29.53,33.11,8.771,8.402,,3.645,21.72,25.35,3.667,
7,7,7_7,3,24-04-23,5,30.62,,30.62,34.1,8.576,8.224,,3.399,23.67,25.56,3.424,
7,7,7_7,4,24-04-23,5,31.29,,31.29,34.99,10.891,10.463,,4.868,24.57,26.56,4.902,
7,7,7_7,5,24-04-23,5,30.6,,30.6,35.4,9.469,9.104,,3.911,22.95,25.79,3.936,
7,7,7_7,6,24-04-23,5,29.6,,29.6,34.78,9.046,8.646,,3.232,22.55,24.92,3.259,
7,7,7_7,7,24-04-23,5,30.53,,30.53,35.25,11.016,10.587,,4.87,23.1,26.84,4.908,
7,7,7_7,8,24-04-23,5,29.77,,29.77,36.96,7.72,7.378,,2.739,23.08,23.38,2.762,
7,7,7_7,9,24-04-23,5,30.67,,30.67,35.94,9.515,9.083,,3.74,23.72,27.44,3.781,
7,7,7_7,10,24-04-23,5,31.93,,31.93,37.28,11.676,9.919,,4.27,24.37,26.03,4.306,
7,7,7_7,11,24-04-23,5,29.22,,29.22,34.11,8.572,8.239,,3.24,22.47,24.33,3.288,
7,7,7_7,12,24-04-23,5,30.33,,30.33,33.85,9.564,9.168,,4.07,24.22,25.71,4.105,
7,7,7_7,13,24-04-23,5,31.55,,31.55,34.9,10.666,10.249,,4.192,23.82,26.16,4.226,
7,7,7_7,14,24-04-23,5,31.43,,31.43,35.75,10.396,9.934,,4.515,22.67,25.31,4.546,
7,7,7_7,15,24-04-23,5,30.71,,30.71,32.38,10.16,9.769,,4.252,25.19,26.16,4.286,
7,7,7_7,16,24-04-23,5,33.81,,33.81,38.63,12.927,,5.804,,20.13,29.38,,
7,7,7_7,17,24-04-23,5,30.97,,30.97,33.8,10.262,,4.412,,24.74,26.55,,
7,7,7_7,18,24-04-23,5,30.66,,30.66,36.58,10.348,,4.24,,22.02,29.84,,
7,7,7_7,19,24-04-23,5,30.19,,30.19,35.76,9.405,,4.098,,24.26,26.97,,
7,7,7_7,20,24-04-23,5,27.85,,27.85,32.29,7.901,,3.149,,21.22,24.7,,
8,5,8_5,1,24-04-23,5,32.16,,32.16,37.44,11.297,10.855,,5.151,26.09,29.58,5.197,
8,5,8_5,2,24-04-23,5,31.33,,31.33,37.17,11.199,10.783,,4.935,24.36,29.87,4.977,
8,5,8_5,3,24-04-23,5,32.08,,32.08,37.39,12.244,11.611,,5.004,24.61,29.01,5.059,
8,5,8_5,4,24-04-23,5,30.99,,30.99,37.52,10.374,9.98,,4.615,23.64,27.66,4.666,
8,5,8_5,5,24-04-23,5,31.44,,31.44,35.76,11.192,10.749,,4.663,22.48,26.13,4.72,
8,5,8_5,6,24-04-23,5,31.22,,31.22,32.8,10.326,9.923,,4.269,23.41,25.65,4.31,
8,5,8_5,7,24-04-23,5,30.6,,30.6,35.02,9.824,9.441,,3.917,23.72,25.81,3.965,
8,5,8_5,8,24-04-23,5,32.45,,32.45,37.57,11.522,11.026,,4.489,26.66,28.69,4.535,
8,5,8_5,9,24-04-23,5,29.45,,29.45,33.95,9.767,9.394,,4.2,23.4,25.05,4.254,
8,5,8_5,10,24-04-23,5,28.47,,28.47,29.91,8.844,8.553,,4.117,25.73,23.4,4.162,
8,5,8_5,11,24-04-23,5,31.52,,31.52,34.96,11.198,10.75,,4.97,24.27,27.92,5.024,
8,5,8_5,12,24-04-23,5,29.75,,29.75,36.17,9.163,8.832,,3.462,20.2,24.14,3.499,
8,5,8_5,13,24-04-23,5,31.84,,31.84,36.25,11.419,10.797,,4.759,26.13,27.77,4.807,
8,5,8_5,14,24-04-23,5,29.93,,29.93,34.58,10.711,10.335,,4.97,23.81,27.41,5.012,
8,5,8_5,15,24-04-23,5,31.8,,31.8,34.24,10.085,9.727,,4.556,24.36,27.87,4.606,
8,5,8_5,16,24-04-23,5,32.28,,32.28,36.92,10.979,,4.9,,24.24,26.94,,
8,5,8_5,17,24-04-23,5,30.52,,30.52,36.77,10.57,,4.673,,24.65,28.75,,
8,5,8_5,18,24-04-23,5,31.33,,31.33,36.13,10.435,,4.596,,23.81,26.85,,
8,5,8_5,19,24-04-23,5,29.94,,29.94,36.98,9.892,,4.134,,22.89,26.51,,
8,5,8_5,20,24-04-23,5,30.55,,30.55,37.07,9.373,,3.574,,23.16,25.49,,
8,12,8_12,1,24-04-23,5,31.4,,31.4,34.27,10.429,10.024,,4.575,22.61,27.15,4.612,
8,12,8_12,2,24-04-23,5,31.06,,31.06,34.08,10.4,9.946,,4.117,25.59,26.26,4.162,
8,12,8_12,3,24-04-23,5,29.51,,29.51,32.12,9.078,8.759,,3.798,22.88,24.48,3.84,
8,12,8_12,4,24-04-23,5,31.69,,31.69,35.26,9.874,9.442,,4.025,24.87,26.28,4.059,
8,12,8_12,5,24-04-23,5,31.66,,31.66,34.11,10.559,10.124,,4.979,25.72,27.34,4.96,
8,12,8_12,6,24-04-23,5,30.96,,30.96,33.81,9.94,9.57,,4.159,24.83,25.39,4.191,
8,12,8_12,7,24-04-23,5,30.94,,30.94,34.02,9.667,9.292,,4.136,25.63,25.32,4.186,
8,12,8_12,8,24-04-23,5,32.54,,32.54,36.07,10.106,9.634,,4.21,25.78,25.77,4.254,
8,12,8_12,9,24-04-23,5,32.36,,32.36,38.14,12.084,11.374,,4.773,25.05,27.74,4.853,
8,12,8_12,10,24-04-23,5,32.62,,32.62,35.63,11.076,10.644,,4.662,26.11,27.58,4.704,
8,12,8_12,11,24-04-23,5,30.79,,30.79,32.97,9.9,9.458,,4.647,24.89,24.16,4.693,
8,12,8_12,12,24-04-23,5,31.06,,31.06,34.61,10.703,10.293,,4.514,24.2,26.39,4.561,
8,12,8_12,13,24-04-23,5,31.21,,31.21,35.08,10.678,10.282,,4.715,24.11,28.65,4.756,
8,12,8_12,14,24-04-23,5,32.6,,32.6,33.77,10.352,9.921,,4.426,29.22,27.27,4.467,
8,12,8_12,15,24-04-23,5,31.02,,31.02,35.27,9.965,9.536,,4.249,23.4,27.3,4.296,
8,12,8_12,16,24-04-23,5,29.98,,29.98,33.55,9.835,,4.385,,22.41,25.17,,
8,12,8_12,17,24-04-23,5,30.62,,30.62,34.81,9.446,,3.955,,22.89,23.83,,
8,12,8_12,18,24-04-23,5,30.35,,30.35,32.67,9.138,,4.272,,22.04,25.04,,
8,12,8_12,19,24-04-23,5,30.33,,30.33,34.61,10.151,,4.61,,23.24,26.09,,
8,12,8_12,20,24-04-23,5,30.34,,30.34,36.84,10.547,,4.784,,21.8,26.69,,
